id,keyword,phonetic_code,production_year,title
3200761,superhero,S16,NULL,#Sohvr
3212678,superhero,S16,NULL,"3 Super 8"
4174360,superhero,S16,NULL,Saber
4174361,superhero,S16,NULL,"Saber 3-1"
1632141,superhero,S16,NULL,Safari
2920183,superhero,S16,NULL,Safari
3163563,superhero,S16,NULL,Safari
4175567,superhero,S16,NULL,Safari
4175568,superhero,S16,NULL,Safari
4183386,superhero,S16,NULL,Sapphire
1041091,superhero,S16,NULL,Savior
4186870,superhero,S16,NULL,Savior
4193687,superhero,S16,NULL,"Sea Fever"
4622755,superhero,S16,NULL,"Sea Fever"
4198059,superhero,S16,NULL,Sefyr
46874,superhero,S16,NULL,SeparaÃ§Ã£o
2128528,superhero,S16,NULL,Sephiri
4204719,superhero,S16,NULL,Sever
3076983,superhero,S16,NULL,Sheaffer
4216667,superhero,S16,NULL,Shiver
4216666,superhero,S16,NULL,Shiver
1207697,superhero,S16,NULL,Siberia
3102742,superhero,S16,NULL,Siberia
3128114,superhero,S16,NULL,Siberia
4221071,superhero,S16,NULL,Siberia
4227322,superhero,S16,NULL,Siofra
1543926,superhero,S16,NULL,"Soap Opera"
2127121,superhero,S16,NULL,Sober
4249287,superhero,S16,NULL,"Sova Ã¶ver"
2356433,superhero,S16,NULL,Sparrow
4250896,superhero,S16,NULL,Sparrow
4253664,superhero,S16,NULL,Spire
4255706,superhero,S16,NULL,Spree
2677795,superhero,S16,NULL,"Spy Fever"
1107333,superhero,S16,NULL,"Super Harry"
2044034,superhero,S16,NULL,"Super Hero"
3163568,superhero,S16,NULL,"Super Hero"
4279011,superhero,S16,NULL,"Super Hero"
2389936,superhero,S16,NULL,Superhero
4279925,superhero,S16,NULL,Superhero
4280009,superhero,S16,NULL,Superior
2376597,superhero,S16,NULL,"The Sea of Fire"
256985,superhero,S16,NULL,"The Superhero"
4255696,superhero,S16,1897,Spree
4280628,superhero,S16,1908,Supper
4174373,superhero,S16,1910,Saberu
4256366,superhero,S16,1911,"Spy Fever"
4174374,superhero,S16,1912,Saberu
4186917,superhero,S16,1915,"Savoia, urrah!"
4221061,superhero,S16,1926,Siberia
4193698,superhero,S16,1929,"Sea Fury"
3238220,superhero,S16,1931,"A Safe Affair"
3238764,superhero,S16,1931,"A Severa"
4174538,superhero,S16,1933,Sabra
4175551,superhero,S16,1939,Safari
4183280,superhero,S16,1939,Sapera
4183446,superhero,S16,1939,Sapurey
4175552,superhero,S16,1940,Safari
4186540,superhero,S16,1942,Savera
4175522,superhero,S16,1946,Safar
4193684,superhero,S16,1946,"Sea Fever"
2737563,superhero,S16,1951,"The Spur"
3239601,superhero,S16,1952,"A Soapy Opera"
2518408,superhero,S16,1953,Safari
1654601,superhero,S16,1954,Safari
1657061,superhero,S16,1955,"Soap Opera"
4174431,superhero,S16,1956,Sabira
4175553,superhero,S16,1956,Safari
2521696,superhero,S16,1957,"The Swapper"
2610891,superhero,S16,1958,Safari
4186541,superhero,S16,1958,Savera
4193699,superhero,S16,1958,"Sea Fury"
4183383,superhero,S16,1959,Sapphire
4186542,superhero,S16,1959,Savera
2757019,superhero,S16,1959,Shivaree
35410,superhero,S16,1960,Safari
1113017,superhero,S16,1960,"Sea Fire"
4183281,superhero,S16,1961,Sapera
430545,superhero,S16,1962,"Saber Rir"
1933376,superhero,S16,1962,Safari
2592667,superhero,S16,1962,Safari
2374940,superhero,S16,1962,"Spur 211"
1389766,superhero,S16,1963,Safari
3496046,superhero,S16,1964,"Der SaubÃ¤r"
4194165,superhero,S16,1964,Seapower
4238948,superhero,S16,1964,"Soap Opera"
4174499,superhero,S16,1965,Sabori
2155640,superhero,S16,1965,Safari
2985581,superhero,S16,1965,Shaberia
2272799,superhero,S16,1965,Shivaree
2593119,superhero,S16,1965,"The Shopper"
1135711,superhero,S16,1966,Safari
2783730,superhero,S16,1966,"The Super 6"
2153387,superhero,S16,1967,Safari
4255619,superhero,S16,1967,Spray
4255697,superhero,S16,1967,Spree
2541003,superhero,S16,1968,"The Soap Opera"
4193403,superhero,S16,1969,"Se farari"
4175523,superhero,S16,1970,Safar
4278581,superhero,S16,1970,Super
1126770,superhero,S16,1970,"The She-Bear"
3866410,superhero,S16,1971,"Le sauveur"
4239981,superhero,S16,1971,Sofra
1280823,superhero,S16,1971,"The Shopper"
4174301,superhero,S16,1972,Sabari
4175524,superhero,S16,1972,Safar
4175554,superhero,S16,1972,Safari
4186543,superhero,S16,1972,Savera
252533,superhero,S16,1972,"Sea Fever"
2783939,superhero,S16,1972,"The Super"
4175555,superhero,S16,1973,Safari
4221059,superhero,S16,1973,Siberi
1385758,superhero,S16,1974,"Die Spur"
3558778,superhero,S16,1974,"El sopar"
4176318,superhero,S16,1974,Sahavari
4186931,superhero,S16,1975,Savoree
2816711,superhero,S16,1975,"The Shivaree"
2284552,superhero,S16,1976,Sibir
4240150,superhero,S16,1976,SofÃ¶r
248727,superhero,S16,1977,"Le safari"
4175556,superhero,S16,1977,Safari
4250885,superhero,S16,1978,Sparrow
1803827,superhero,S16,1978,Spor
4278602,superhero,S16,1978,"Super 21"
3558880,superhero,S16,1979,"El Super"
1949198,superhero,S16,1979,Spywar
4175569,superhero,S16,1980,"Safari 3000"
1652953,superhero,S16,1980,Sparrow
2610127,superhero,S16,1980,"The Sweeper"
2619047,superhero,S16,1981,Safari
4246420,superhero,S16,1981,SOPOR
4175570,superhero,S16,1982,"Safari 3000"
4175959,superhero,S16,1982,Safir
3694149,superhero,S16,1983,"Het souper"
820632,superhero,S16,1983,"La soupiÃ¨re"
3063311,superhero,S16,1983,"The Super"
2960743,superhero,S16,1984,"El safari"
1421967,superhero,S16,1984,"La sopera"
4175557,superhero,S16,1984,Safari
2220095,superhero,S16,1984,Savior
4207226,superhero,S16,1984,"Sfaira 1985-1895"
1760078,superhero,S16,1984,Spor
4278582,superhero,S16,1984,Super
4597375,superhero,S16,1985,"Ã€ suivre"
2333987,superhero,S16,1985,Sapper
2097762,superhero,S16,1985,"The Saver"
2190176,superhero,S16,1986,Safari
3178996,superhero,S16,1986,Safari
755256,superhero,S16,1987,"El sopar"
192699,superhero,S16,1987,Safari
290444,superhero,S16,1987,Safari
2620132,superhero,S16,1987,Sapphire
3171351,superhero,S16,1987,Super
1876676,superhero,S16,1987,"The Sparrow"
4597376,superhero,S16,1988,"Ã€ suivre"
2755900,superhero,S16,1988,"Sea Fever"
2610250,superhero,S16,1988,"Sea of Fire"
4197544,superhero,S16,1988,Seefahrer
1505398,superhero,S16,1989,"La SibÃ©rie"
290271,superhero,S16,1989,"Se fier"
4254963,superhero,S16,1989,Spor
2417750,superhero,S16,1989,"Super 50"
2810644,superhero,S16,1989,Supper
3238765,superhero,S16,1990,"A Severa"
1505070,superhero,S16,1990,Safari
1887309,superhero,S16,1990,Safari
4279007,superhero,S16,1990,"Super Hero"
215849,superhero,S16,1991,"Die Spur"
4175558,superhero,S16,1991,Safari
4175571,superhero,S16,1991,"Safari 6"
2347785,superhero,S16,1991,"Soupe OpÃ©ra"
4429899,superhero,S16,1991,"The Super"
3866889,superhero,S16,1992,"Le souper"
1356579,superhero,S16,1993,"Sea Fever"
4216660,superhero,S16,1993,Shiver
2363388,superhero,S16,1993,Spirou
4255698,superhero,S16,1993,Spree
4273749,superhero,S16,1993,"Subwar 2050"
1288169,superhero,S16,1994,Sabria
4193921,superhero,S16,1994,Seafari
4208754,superhero,S16,1994,Shafer
4278622,superhero,S16,1994,"Super 8Â½"
2589887,superhero,S16,1995,"A Safe Area"
4183384,superhero,S16,1995,Sapphire
2534652,superhero,S16,1995,"Superhero Huey"
4421537,superhero,S16,1995,"The Shaper"
805849,superhero,S16,1996,"El sÃºper"
1438972,superhero,S16,1996,"Le sauveur"
1509596,superhero,S16,1996,"Le sauveur"
4174294,superhero,S16,1996,Sabar
2190086,superhero,S16,1996,Safar
4175525,superhero,S16,1996,Safar
2190177,superhero,S16,1996,Safari
1481896,superhero,S16,1996,Savior
879629,superhero,S16,1996,Shivaree
4221062,superhero,S16,1996,Siberia
4254964,superhero,S16,1996,Spor
2365038,superhero,S16,1996,"Spor 2"
4255699,superhero,S16,1996,Spree
1373054,superhero,S16,1996,"The Spare"
4430305,superhero,S16,1996,"The Sweeper"
81369,superhero,S16,1997,Sabriya
265315,superhero,S16,1997,"Shape of a Bear"
3126595,superhero,S16,1997,Siberia
1128257,superhero,S16,1997,Super
4278583,superhero,S16,1997,Super
3510879,superhero,S16,1998,"Die Spur"
4186856,superhero,S16,1998,Savior
4221063,superhero,S16,1998,Siberia
1833615,superhero,S16,1998,"Sopa opera"
4252155,superhero,S16,1998,Speer
4252640,superhero,S16,1998,Spero
1114937,superhero,S16,1998,Sphere
4252704,superhero,S16,1998,Sphere
2546888,superhero,S16,1998,Spray
4426533,superhero,S16,1998,"The Spree"
4597745,superhero,S16,1999,Ãspero
3866890,superhero,S16,1999,"Le souper"
4175559,superhero,S16,1999,Safari
4175839,superhero,S16,1999,Safer
4186857,superhero,S16,1999,Savior
3152676,superhero,S16,1999,"Ship of Fire"
2326639,superhero,S16,1999,"Soap Fever"
159331,superhero,S16,1999,"Super Hero"
2633046,superhero,S16,1999,"The Sparrow"
1692413,superhero,S16,2000,Safari
1262147,superhero,S16,2000,"Show Four"
315697,superhero,S16,2000,Subaro
2189085,superhero,S16,2000,"Super Hero"
4279906,superhero,S16,2000,Superhero
3239599,superhero,S16,2001,"A Soap Opera"
3263272,superhero,S16,2001,Al-sabbar
4175560,superhero,S16,2001,Safari
3054604,superhero,S16,2001,"Sea Power"
4239979,superhero,S16,2001,Sofor
4255700,superhero,S16,2001,Spree
4278601,superhero,S16,2001,"Super 17"
626083,superhero,S16,2001,Superharry
4284589,superhero,S16,2001,Sweeper
3202196,superhero,S16,2002,"(Ã€ suivre...)"
1489405,superhero,S16,2002,"Ã€ suivre"
3846368,superhero,S16,2002,"La soupiÃ¨re"
1529153,superhero,S16,2002,Safari
2258810,superhero,S16,2002,Sfora
4214345,superhero,S16,2002,Shibari
3050466,superhero,S16,2002,Shopper13
4249425,superhero,S16,2002,"Soy faro"
4252162,superhero,S16,2002,Speira
4279907,superhero,S16,2002,Superhero
4286688,superhero,S16,2002,Syberia
3179736,superhero,S16,2002,"The Saviour"
4430306,superhero,S16,2002,"The Sweeper"
3206001,superhero,S16,2003,"15.35: spoor 1"
4278570,superhero,S16,2003,Supari
181733,superhero,S16,2003,"Super Hero"
4279044,superhero,S16,2003,"Super Huey III"
3866314,superhero,S16,2004,"Le sabre"
4175526,superhero,S16,2004,Safar
4186858,superhero,S16,2004,Savior
4187387,superhero,S16,2004,"Saye Bahr"
875737,superhero,S16,2004,"Sea Power"
4238295,superhero,S16,2004,"So Far"
4238960,superhero,S16,2004,"Soap OpÃ©ra"
4278606,superhero,S16,2004,"Super 7"
4279998,superhero,S16,2004,SuperhÃ©roe.
1890741,superhero,S16,2004,Superhero
2154866,superhero,S16,2004,Superhero
984855,superhero,S16,2004,Superior
4286689,superhero,S16,2004,"Syberia II"
3558704,superhero,S16,2005,"El sobre"
2246689,superhero,S16,2005,Safari
4186859,superhero,S16,2005,Savior
2258766,superhero,S16,2005,sfera
2259479,superhero,S16,2005,"Shabhaye Barareh"
4238949,superhero,S16,2005,"Soap Opera"
4238950,superhero,S16,2005,"Soap Opera"
4256509,superhero,S16,2005,Spyware
640307,superhero,S16,2005,"Sub War"
4278584,superhero,S16,2005,Super
4279008,superhero,S16,2005,"Super Hero"
4279012,superhero,S16,2005,"Super Hero 2"
4279964,superhero,S16,2005,Superheroi
1555041,superhero,S16,2005,Sypher
4418281,superhero,S16,2005,"The Saviour"
2576073,superhero,S16,2005,"The Superhero"
4183293,superhero,S16,2006,Saphir
2209715,superhero,S16,2006,Sapuri
2942033,superhero,S16,2006,Saviour
4186879,superhero,S16,2006,Saviour
4186882,superhero,S16,2006,"Saviour 2"
4193774,superhero,S16,2006,"Sea of Fear"
4214064,superhero,S16,2006,Shevri
2289858,superhero,S16,2006,Shivura
320795,superhero,S16,2006,Shuvarie
4252641,superhero,S16,2006,Spero
1852014,superhero,S16,2006,Spree
4255701,superhero,S16,2006,Spree
4256273,superhero,S16,2006,Spur
4278585,superhero,S16,2006,Super
4279009,superhero,S16,2006,"Super Hero"
4279910,superhero,S16,2006,Superhero
4279909,superhero,S16,2006,Superhero
4279908,superhero,S16,2006,Superhero
1511159,superhero,S16,2007,"Ã€ suivre"
2221888,superhero,S16,2007,"Die Safari"
4174302,superhero,S16,2007,Sabari
4175561,superhero,S16,2007,Safari
573577,superhero,S16,2007,"Se fura"
4193591,superhero,S16,2007,"Se voir"
4193775,superhero,S16,2007,"Sea of Fire"
4221064,superhero,S16,2007,Siberia
1000319,superhero,S16,2007,"Soap Opera"
1716359,superhero,S16,2007,"Soap Opera"
2069110,superhero,S16,2007,"Soap Opera"
4251267,superhero,S16,2007,Spear
2770120,superhero,S16,2007,Spray
1527700,superhero,S16,2007,Spree
4278586,superhero,S16,2007,Super
2420528,superhero,S16,2007,"Super Why!"
4279657,superhero,S16,2007,Super.
385031,superhero,S16,2007,Superhero
1214724,superhero,S16,2007,Superhero
4279912,superhero,S16,2007,Superhero
4279911,superhero,S16,2007,Superhero
4279913,superhero,S16,2007,Superhero
1763464,superhero,S16,2007,"Superhero Hour"
4284590,superhero,S16,2007,Sweeper
4417431,superhero,S16,2007,"The Saber"
418652,superhero,S16,2007,"The Shaver"
4429954,superhero,S16,2007,"The Superhero"
3217517,superhero,S16,2008,"70's Fever"
1947716,superhero,S16,2008,Ãšspory
402860,superhero,S16,2008,"Lo sparo"
560844,superhero,S16,2008,"Lo sparo"
4175527,superhero,S16,2008,Safar
1353280,superhero,S16,2008,Safari
1365821,superhero,S16,2008,Safari!
2454811,superhero,S16,2008,Safer
4183289,superhero,S16,2008,"Saphai breu... aw aw"
990983,superhero,S16,2008,Savior
4186860,superhero,S16,2008,Savior
880285,superhero,S16,2008,Savoir
4216661,superhero,S16,2008,Shiver
4220766,superhero,S16,2008,"Si puÃ² fare"
876338,superhero,S16,2008,Siberia
1619970,superhero,S16,2008,Siberia
1786175,superhero,S16,2008,"Spa Fare"
3173296,superhero,S16,2008,Spore
4254972,superhero,S16,2008,Spore
4255621,superhero,S16,2008,Spray
4255620,superhero,S16,2008,Spray
4255702,superhero,S16,2008,Spree
4273196,superhero,S16,2008,Subira
21251,superhero,S16,2008,"Subway Hero"
1987858,superhero,S16,2008,"The Savior"
4430307,superhero,S16,2008,"The Sweeper"
681705,superhero,S16,2009,"Die Super 3"
1569667,superhero,S16,2009,"El sabor"
4174295,superhero,S16,2009,Sabar
2186723,superhero,S16,2009,Saber
4175562,superhero,S16,2009,Safari
2318969,superhero,S16,2009,Savior
4186861,superhero,S16,2009,Savior
4186887,superhero,S16,2009,Savir
2218106,superhero,S16,2009,"Saw for Hire"
4288951,superhero,S16,2009,SÃ¼pÃ¼rrr!
4187586,superhero,S16,2009,Sbirri
4193685,superhero,S16,2009,"Sea Fever"
611443,superhero,S16,2009,"Shea Weber"
2907149,superhero,S16,2009,Siberia
4221065,superhero,S16,2009,Siberia
2913889,superhero,S16,2009,Sifra
4239063,superhero,S16,2009,Sober
4250624,superhero,S16,2009,Spare
4254975,superhero,S16,2009,"Spore Hero"
4255703,superhero,S16,2009,Spree
4256510,superhero,S16,2009,Spyware
1106068,superhero,S16,2009,"Sub Par"
4278587,superhero,S16,2009,Super
4279010,superhero,S16,2009,"Super Hero"
4279017,superhero,S16,2009,"Super Hero Harry"
2420743,superhero,S16,2009,Super8
4279914,superhero,S16,2009,Superhero
2424356,superhero,S16,2009,"Superhero 101"
4280721,superhero,S16,2009,SuPR
1759049,superhero,S16,2009,"The 1950s Affair"
4418275,superhero,S16,2009,"The Savior"
4424637,superhero,S16,2009,"The Soap Opera"
1620688,superhero,S16,2010,Ha-Super
2726880,superhero,S16,2010,Sabre
4175528,superhero,S16,2010,Safar
365331,superhero,S16,2010,Safari
320848,superhero,S16,2010,Sapphire
1482561,superhero,S16,2010,Savior
4186862,superhero,S16,2010,Savior
1525905,superhero,S16,2010,Saviour
4186880,superhero,S16,2010,Saviour
4288833,superhero,S16,2010,"SÃ»pu opera"
2232306,superhero,S16,2010,"Sea Fever"
2249685,superhero,S16,2010,SeparaÃ§Ã£o?!
1620707,superhero,S16,2010,Shifra
2739948,superhero,S16,2010,"Show Four"
634430,superhero,S16,2010,Siberia
4239106,superhero,S16,2010,SoBoRo
4239980,superhero,S16,2010,Sofora
4250625,superhero,S16,2010,Spare
4250887,superhero,S16,2010,Sparrow
4250886,superhero,S16,2010,Sparrow
4255622,superhero,S16,2010,Spray
4274658,superhero,S16,2010,Sufair
4278588,superhero,S16,2010,Super
4278589,superhero,S16,2010,Super
2941733,superhero,S16,2010,"Super 'Hero'!"
4279663,superhero,S16,2010,Super?
3150202,superhero,S16,2010,Superhero
4280006,superhero,S16,2010,Superior
4429900,superhero,S16,2010,"The Super"
725975,superhero,S16,2011,"El sobre"
3558705,superhero,S16,2011,"El sobre"
1982416,superhero,S16,2011,"Le souper"
4175529,superhero,S16,2011,Safar
4186881,superhero,S16,2011,Saviour
2730025,superhero,S16,2011,Savor
4204715,superhero,S16,2011,Sever
4207558,superhero,S16,2011,Shabri
4208755,superhero,S16,2011,Shaffuru
4216653,superhero,S16,2011,Shivaree
4216662,superhero,S16,2011,Shiver
4221192,superhero,S16,2011,SibÃ©rie
187061,superhero,S16,2011,Siberia
4221066,superhero,S16,2011,Siberia
2286639,superhero,S16,2011,Siffer
4238951,superhero,S16,2011,"Soap Opera"
2327520,superhero,S16,2011,SOBR
4252702,superhero,S16,2011,Sphaera
4255623,superhero,S16,2011,Spray
4274660,superhero,S16,2011,Suffer
22301,superhero,S16,2011,"Super 8"
318112,superhero,S16,2011,"Super 8"
461882,superhero,S16,2011,"Super 8"
1333538,superhero,S16,2011,"Super 8"
1616152,superhero,S16,2011,"Super 8"
1730166,superhero,S16,2011,"Super 8"
2665344,superhero,S16,2011,"Super 8"
2616014,superhero,S16,2011,"Super 8"
4278607,superhero,S16,2011,"Super 8"
1494776,superhero,S16,2011,"Super Hero"
163980,superhero,S16,2011,Superhero
4279915,superhero,S16,2011,Superhero
4279916,superhero,S16,2011,Superhero
4280580,superhero,S16,2011,SuperWarra
1652895,superhero,S16,2011,"Swap Fever"
4418276,superhero,S16,2011,"The Savior"
3107685,superhero,S16,2011,"The Sea of Fear"
2260059,superhero,S16,2011,"The Spire"
4426534,superhero,S16,2011,"The Spree"
2783950,superhero,S16,2011,"The Super"
623200,superhero,S16,2012,"Een spoor"
1980401,superhero,S16,2012,"El superhÃ©roe"
3846421,superhero,S16,2012,"La Spira"
3866393,superhero,S16,2012,"Le Sapeur"
4174346,superhero,S16,2012,"Sabbia e ferro"
2190189,superhero,S16,2012,Safari
4175563,superhero,S16,2012,Safari
1671477,superhero,S16,2012,Savior
4186864,superhero,S16,2012,Savior
4186863,superhero,S16,2012,Savior
185157,superhero,S16,2012,"Se va a PerÃº"
4193686,superhero,S16,2012,"Sea Fever"
4216663,superhero,S16,2012,Shiver
4217321,superhero,S16,2012,"Shoo bre"
3128347,superhero,S16,2012,Siberia
4238525,superhero,S16,2012,"So Over You"
2399345,superhero,S16,2012,"Soap Opera"
4238952,superhero,S16,2012,"Soap Opera"
4239064,superhero,S16,2012,Sober
4247421,superhero,S16,2012,Souffre!
4250626,superhero,S16,2012,Spare
4250888,superhero,S16,2012,Sparrow
4250889,superhero,S16,2012,Sparrow
4252703,superhero,S16,2012,"Sphaera 2"
4253602,superhero,S16,2012,Spira
4255624,superhero,S16,2012,Spray
4255626,superhero,S16,2012,Spray
4255625,superhero,S16,2012,Spray
2768135,superhero,S16,2012,"Sue Barry"
2425112,superhero,S16,2012,"Sup' Bro?"
1986742,superhero,S16,2012,Super
4278592,superhero,S16,2012,Super
4278591,superhero,S16,2012,Super
4278590,superhero,S16,2012,Super
4278604,superhero,S16,2012,"Super 35"
4278608,superhero,S16,2012,"Super 8"
4278919,superhero,S16,2012,"Super ER"
1089719,superhero,S16,2012,Superhero
4279917,superhero,S16,2012,Superhero
1565136,superhero,S16,2012,Supper
2388767,superhero,S16,2012,"Swapper 2.0"
4425794,superhero,S16,2012,"The Spare"
4429993,superhero,S16,2012,"The Supper"
2784604,superhero,S16,2012,"The Sweeper"
2784603,superhero,S16,2012,"The Sweeper"
514041,superhero,S16,2013,"De spier"
3558706,superhero,S16,2013,"El sobre"
3900099,superhero,S16,2013,"Los Super"
3069358,superhero,S16,2013,Sabra
4175504,superhero,S16,2013,Safaar
4175530,superhero,S16,2013,Safar
1759138,superhero,S16,2013,Safari
4175564,superhero,S16,2013,Safari
2382198,superhero,S16,2013,Sapper
2382199,superhero,S16,2013,Sapper
2402591,superhero,S16,2013,Savior
4186865,superhero,S16,2013,Savior
4186925,superhero,S16,2013,Savor
4201964,superhero,S16,2013,SeparaÃ§Ã£o
4217109,superhero,S16,2013,"Shofar Away"
102602,superhero,S16,2013,"Si Hubiera"
4221058,superhero,S16,2013,Siber
2284530,superhero,S16,2013,Siberia
4238296,superhero,S16,2013,"So Far"
4239065,superhero,S16,2013,Sober
4246440,superhero,S16,2013,Sopro
4250627,superhero,S16,2013,Spare
4250890,superhero,S16,2013,Sparrow
4250891,superhero,S16,2013,Sparrow
4252705,superhero,S16,2013,Sphere
4253663,superhero,S16,2013,Spire
4254959,superhero,S16,2013,Spoor015
669012,superhero,S16,2013,Spyro
4273071,superhero,S16,2013,Subaru
4278593,superhero,S16,2013,Super
2107807,superhero,S16,2013,"Super Hero!"
4279585,superhero,S16,2013,"Super Who?"
4279622,superhero,S16,2013,Super!
4280594,superhero,S16,2013,SuperÂ²
2619764,superhero,S16,2013,Superhero
4279918,superhero,S16,2013,Superhero
1236571,superhero,S16,2013,"The 1860's Bar"
1625809,superhero,S16,2013,"The Savior"
3030068,superhero,S16,2013,"The Savior"
4424638,superhero,S16,2013,"The Soap Opera"
4426046,superhero,S16,2013,"The Sphere"
4429955,superhero,S16,2013,"The Superhero"
4430264,superhero,S16,2013,"The Swapper"
2784605,superhero,S16,2013,"The Sweeper"
2896188,superhero,S16,2014,"80's Power"
2912134,superhero,S16,2014,"A SeparaÃ§Ã£o"
2166146,superhero,S16,2014,"Der Sprayer"
4175531,superhero,S16,2014,Safar
2538701,superhero,S16,2014,Safari
4175565,superhero,S16,2014,Safari
4183385,superhero,S16,2014,Sapphire
4186147,superhero,S16,2014,"Savari 2"
3173406,superhero,S16,2014,Savior
4193776,superhero,S16,2014,"Sea of Fire"
4193780,superhero,S16,2014,"Sea of Hair"
2992436,superhero,S16,2014,SeparaÃ§Ã£o
4204716,superhero,S16,2014,Sever
4204811,superhero,S16,2014,Severo
1527375,superhero,S16,2014,"Sheep Everywhere!"
1983931,superhero,S16,2014,Shiver
3086758,superhero,S16,2014,"Shop Your Way 1"
3086759,superhero,S16,2014,"Shop Your Way 2"
3086760,superhero,S16,2014,"Shop Your Way 3"
3086761,superhero,S16,2014,"Shop Your Way 4"
3086762,superhero,S16,2014,"Shop Your Way 5"
4238953,superhero,S16,2014,"Soap Opera"
4238954,superhero,S16,2014,"Soap Opera"
1497512,superhero,S16,2014,Sober
4239066,superhero,S16,2014,Sober
4250892,superhero,S16,2014,Sparrow
2037180,superhero,S16,2014,SpÃ¥ra
2369686,superhero,S16,2014,Spur
920827,superhero,S16,2014,Super
4278594,superhero,S16,2014,Super
4278595,superhero,S16,2014,Super
2417715,superhero,S16,2014,"Super 4"
2417751,superhero,S16,2014,"Super 6"
4278623,superhero,S16,2014,"Super 98"
900606,superhero,S16,2014,"Super Hero"
4279614,superhero,S16,2014,"Super Yo"
4279623,superhero,S16,2014,Super!
2789711,superhero,S16,2014,Superhero
4279920,superhero,S16,2014,Superhero
4279919,superhero,S16,2014,Superhero
2325798,superhero,S16,2014,"Superhero 101"
2886189,superhero,S16,2014,Supper
4418277,superhero,S16,2014,"The Savior"
4418278,superhero,S16,2014,"The Savior"
4418282,superhero,S16,2014,"The Saviour"
2593898,superhero,S16,2014,"The Soap Opera"
4426047,superhero,S16,2014,"The Sphere"
3727767,superhero,S16,2015,"I Super Hero"
1534941,superhero,S16,2015,"LA Safari"
3845997,superhero,S16,2015,"La Siberia"
1587419,superhero,S16,2015,"Sa Bora"
4174539,superhero,S16,2015,Sabra
558236,superhero,S16,2015,Safar
4175532,superhero,S16,2015,Safar
265384,superhero,S16,2015,Savior
2731268,superhero,S16,2015,Savior
2969947,superhero,S16,2015,Savior
4186866,superhero,S16,2015,Savior
4204717,superhero,S16,2015,Sever
2272815,superhero,S16,2015,Shiver
769287,superhero,S16,2015,Siberia
2862296,superhero,S16,2015,Siberia
4221067,superhero,S16,2015,Siberia
4221068,superhero,S16,2015,Siberia
4222203,superhero,S16,2015,Sifar
210792,superhero,S16,2015,Sifra
743767,superhero,S16,2015,Sifra
4250628,superhero,S16,2015,Spare
272583,superhero,S16,2015,Sparrow
4251268,superhero,S16,2015,Spear
4252688,superhero,S16,2015,Spewer
2521511,superhero,S16,2015,Sphere
4252707,superhero,S16,2015,Sphere
4252706,superhero,S16,2015,Sphere
1306415,superhero,S16,2015,Spore
4254973,superhero,S16,2015,Spore
4255704,superhero,S16,2015,Spree
4255705,superhero,S16,2015,Spree
4618115,superhero,S16,2015,Spree
4273736,superhero,S16,2015,Suburra
4278596,superhero,S16,2015,Super
1057529,superhero,S16,2015,"Super Hero"
1233904,superhero,S16,2015,"Super Hero"
2826172,superhero,S16,2015,"Super Huey"
21370,superhero,S16,2015,Superhero
1220157,superhero,S16,2015,Superhero
2451960,superhero,S16,2015,Superhero
3024560,superhero,S16,2015,Superhero
4279921,superhero,S16,2015,Superhero
1120994,superhero,S16,2015,Superior
4280007,superhero,S16,2015,Superior
4280008,superhero,S16,2015,Superior
4280629,superhero,S16,2015,Supper
4287526,superhero,S16,2015,Sypher
4418261,superhero,S16,2015,"The Saver"
4426048,superhero,S16,2015,"The Sphere"
4426528,superhero,S16,2015,"The Spray"
3212867,superhero,S16,2016,"3.0 Safaar"
4175533,superhero,S16,2016,Safar
1706306,superhero,S16,2016,Safari
4175566,superhero,S16,2016,Safari
4183307,superhero,S16,2016,Saphora
4186191,superhero,S16,2016,"Save Her"
4186538,superhero,S16,2016,Saver
152062,superhero,S16,2016,Savior
152063,superhero,S16,2016,Savior
2217084,superhero,S16,2016,Savior
4186869,superhero,S16,2016,Savior
4186868,superhero,S16,2016,Savior
4186867,superhero,S16,2016,Savior
386372,superhero,S16,2016,Saviour
2996322,superhero,S16,2016,Saviour
4186926,superhero,S16,2016,Savor
1862973,superhero,S16,2016,SeparaÃ§Ã£o
4201879,superhero,S16,2016,Separar
4213662,superhero,S16,2016,Shep/Bara
2547668,superhero,S16,2016,Shibari
4214346,superhero,S16,2016,Shibari
4216664,superhero,S16,2016,Shiver
2286661,superhero,S16,2016,Sifra
2083237,superhero,S16,2016,"So Far"
4238297,superhero,S16,2016,"So Far"
2062912,superhero,S16,2016,"So Far Away"
1654109,superhero,S16,2016,"Soap Opera"
740681,superhero,S16,2016,Sober
656854,superhero,S16,2016,"Sophia AbrahÃ£o"
2356363,superhero,S16,2016,Sparrow
4250894,superhero,S16,2016,Sparrow
4250893,superhero,S16,2016,Sparrow
4252642,superhero,S16,2016,Spero
1177131,superhero,S16,2016,Sphere
4255627,superhero,S16,2016,Spray
4618125,superhero,S16,2016,Spree
4274661,superhero,S16,2016,Suffer
2913268,superhero,S16,2016,Super
3115253,superhero,S16,2016,Super
4278597,superhero,S16,2016,Super
4278598,superhero,S16,2016,Super
4601571,superhero,S16,2016,Super
452282,superhero,S16,2016,Superhero
1004465,superhero,S16,2016,Superhero
4279923,superhero,S16,2016,Superhero
4279922,superhero,S16,2016,Superhero
4279996,superhero,S16,2016,Superhurri
4280630,superhero,S16,2016,Supper
4280631,superhero,S16,2016,Supper
4280632,superhero,S16,2016,Supper
4280722,superhero,S16,2016,SUPr
4283218,superhero,S16,2016,Svar
1901590,superhero,S16,2016,"The Savior"
4418283,superhero,S16,2016,"The Saviour"
4609929,superhero,S16,2016,"The Saviour"
4429994,superhero,S16,2016,"The Supper"
805654,superhero,S16,2017,"El sopar"
3727484,superhero,S16,2017,"I See You Everywhere"
3845998,superhero,S16,2017,"La Siberia"
3893577,superhero,S16,2017,"Lo supero"
1505853,superhero,S16,2017,S'ouvrir
1097884,superhero,S16,2017,Savior
2988847,superhero,S16,2017,Savuverho
4187140,superhero,S16,2017,"Say Before"
2129683,superhero,S16,2017,SÃ©parÃ©
2867189,superhero,S16,2017,Sephora
4216665,superhero,S16,2017,Shiver
4221069,superhero,S16,2017,Siberia
4222206,superhero,S16,2017,Siffre
4238955,superhero,S16,2017,"Soap Opera"
4239068,superhero,S16,2017,Sober
4239067,superhero,S16,2017,Sober
4239092,superhero,S16,2017,Sobibor
4239112,superhero,S16,2017,Sobra
4247424,superhero,S16,2017,Soufra
4250895,superhero,S16,2017,Sparrow
4278599,superhero,S16,2017,Super
4279924,superhero,S16,2017,Superhero
4283221,superhero,S16,2017,SvararÃ¥?
4286690,superhero,S16,2017,"Syberia III"
2766119,superhero,S16,2017,"The Savior"
1941827,superhero,S16,2017,"The Saviour"
4418284,superhero,S16,2017,"The Saviour"
4421512,superhero,S16,2017,"The Shape of Fear"
540747,superhero,S16,2017,"The Soupover"
4425816,superhero,S16,2017,"The Sparrow"
4426464,superhero,S16,2017,"The Spore"
4429901,superhero,S16,2017,"The Super"
4204718,superhero,S16,2018,Sever
4221070,superhero,S16,2018,Siberia
4250629,superhero,S16,2018,Spare
4254974,superhero,S16,2018,Spore
4278603,superhero,S16,2018,"Super 30"
